{"SHC": [3804.938956528902, 4021.8433134779334, 4031.643555611372, 4248.547912560403, 4], "SNLB": [3088.1413415670395, 225.03643859922886, 3293.053989484906, 429.94908651709557, 2], "TLRB": [3843.241373360157, 958.3108906894922, 4014.5848626941442, 1129.6543800234795, 3], "TNRB": [967.2340020239353, 1266.0753670185804, 1340.2726260274649, 1639.11399102211, 8], "UPC": [-489.44254656136036, 3497.714604526758, -299.46326772868633, 3687.693883359432, 3], "WSC": [2336.9556720256805, 489.56773369014263, 2914.126105606556, 1066.738167271018, 7], "TMCB": [1410.0011611133814, 947.2584193497896, 1725.084520444274, 1262.3417786806822, 8], "B66": [3307.2394926026464, 228.01904419064522, 3427.072914354503, 347.852465942502, 2], "BNSN": [1552.696413770318, -328.2734783962369, 1937.089017689228, 56.11912552267313, 5], "BRMB": [1114.3746198117733, -143.26728673279285, 1261.8205191493034, 4.178612604737282, 3], "BRWB": [3111.7877837717533, -138.3711351007223, 3424.9029711931944, 174.74405232071877, 9], "BYUB": [2388.0881156921387, 2777.9137147292495, 2739.7094596922398, 3129.5350587293506, 3], "CANC": [862.9215466082096, 2054.606926433742, 1124.826534613967, 2316.5119144394994, 1], "CB": [2237.0844806954265, 15.452212110161781, 2549.4480291828513, 327.81576059758663, 5], "CONF": [2982.078725606203, 3204.192225679755, 3242.8124561160803, 3464.9259561896324, 2], "CTB": [2722.188825443387, 318.7937970235944, 2951.9196651875973, 548.5246367678046, 9], "EB": [2293.21822668612, -198.9651740193367, 2601.8718088567257, 109.68840815126896, 5], "ERL": [2525.7518823593855, -26.165650852024555, 2746.3104963600636, 194.3929631486535, 2], "ESC": [1610.563095934689, 126.95297335088253, 1980.537749685347, 496.92762710154057, 6], "HBLL": [1742.6415719389915, 589.2932560145855, 2516.9074118584394, 1363.5590959340334, 8], "HC": [1203.082611694932, 1716.3644926846027, 1566.13470710814, 2079.4165880978107, 9], "HCEB": [3015.8261974826455, 3412.1983713507652, 3241.6177406534553, 3637.989914521575, 4], "HFAC": [2202.101939111948, 1095.247132562101, 2582.786545187235, 1475.9317386373878, 5], "HGB": [1075.6278141140938, -429.6779671907425, 1238.780046865344, -266.5257344394922, 9], "HRCB": [1975.6352004408836, 327.37776935100555, 2149.604012608528, 501.34658151865005, 2], "HRCN": [3004.022907435894, 1394.8031279295683, 3164.187285274267, 1554.9675057679415, 4], "IPF": [-285.2685782685876, 66.94325084984303, 138.76174164563417, 490.9735707640648, 1], "ITB": [-413.3119573518634, 2110.280371516943, -154.1796016022563, 2369.41272726655, 3], "JFSB": [1318.3582997769117, 528.1759241893888, 1714.0346737802029, 923.8522981926799, 5], "JKB": [1595.9448508992791, 1115.6865601837635, 1919.6197284832597, 1439.361437767744, 8], "JRCB": [2974.4322514012456, 906.7706394344568, 3370.2746355757117, 1302.613023608923, 5], "JSB": [1253.989498063922, -347.6622191518545, 1535.416428655386, -66.23528856039047, 3], "KMBL": [1397.046298570931, 243.38285860419273, 1651.1602916494012, 497.49685168266296, 12], "LSB": [1846.995529897511, -713.8790064007044, 2226.7975918129086, -334.07694448530674, 7], "LVES": [168.15702407062054, 3606.603166267276, 1003.7288437336683, 4442.174985930324, 9], "MARB": [1993.1886430233717, 61.751332104206085, 2142.440313026309, 211.0030021071434, 3], "MB": [2187.5261808633804, -402.7264134734869, 2436.8842779397964, -153.36831639707088, 2], "MC": [1849.322789028287, 2579.0527279376984, 2248.011624187231, 2977.7415630966425, 9], "MCA": [2179.3341040611267, 2632.38168951869, 2424.584269732237, 2877.6318551898003, 4], "MCKB": [1144.139160014689, 109.47302143275738, 1486.4544202759862, 451.7882816940546, 3], "MLBM": [2420.2478282749653, 2390.4356511086226, 2727.3216891884804, 2697.5095120221376, 3], "MOA": [2281.988918438554, 1445.325992770493, 2557.9883664399385, 1721.3254407718778, 4], "MSRB": [821.7356053590775, -440.48355580866337, 932.7019188553095, -329.51724231243134, 4], "RB": [541.9873131513596, 543.1069966852665, 1236.2008197307587, 1237.3205032646656, 3], "SAB": [170.83926935493946, 450.7264399752021, 570.3237066119909, 850.2108772322536, 8], "SFH": [234.22332894802094, -30.54523526877165, 1079.7636326104403, 814.9950683936477, 9], "ULB": [3814.6157744452357, 3379.6515204310417, 4059.3597075268626, 3624.3954535126686, 1], "ASB": [1906.58382935822, 1454.9534341469407, 2195.1140921860933, 1743.483696974814, 3]}